{
  "runs": 200.0,
  "mean_ms": 0.008988135045910894,
  "p50_ms": 0.00828950032882858,
  "p95_ms": 0.013453049632516922,
  "p99_ms": 0.01651503981520357,
  "min_ms": 0.007846999324101489,
  "max_ms": 0.03672300044854637
}