{
  "max_abs_diff": 0.26333117485046387,
  "mean_abs_diff": 0.008905154652893543,
  "within_tol": false,
  "tol": 0.05,
  "n": 50
}